remote = require('net.box')
---
...
test_run = require('test_run').new()
---
...
engine = test_run:get_cfg('engine')
---
...
box.sql.execute('pragma sql_default_engine=\''..engine..'\'')
---
...
box.sql.execute('create table test (id primary key, a float, b text)')
---
...
space = box.space.TEST
---
...
space:replace{1, 2, '3'}
---
- [1, 2, '3']
...
space:replace{4, 5, '6'}
---
- [4, 5, '6']
...
space:replace{7, 8.5, '9'}
---
- [7, 8.5, '9']
...
box.sql.execute('select * from test')
---
- - [1, 2, '3']
  - [4, 5, '6']
  - [7, 8.5, '9']
...
box.schema.user.grant('guest','read,write,execute', 'universe')
---
...
cn = remote.connect(box.cfg.listen)
---
...
cn:ping()
---
- true
...
--
-- Static queries, with no parameters.
--
-- Simple select.
ret = cn:execute('select * from test')
---
...
ret
---
- metadata:
  - name: ID
  - name: A
  - name: B
  rows:
  - [1, 2, '3']
  - [4, 5, '6']
  - [7, 8.5, '9']
...
type(ret.rows[1])
---
- cdata
...
-- Operation with rowcount result.
cn:execute('insert into test values (10, 11, NULL)')
---
- last_insert_id: 0
  rowcount: 1
...
cn:execute('delete from test where a = 5')
---
- last_insert_id: 0
  rowcount: 1
...
cn:execute('insert into test values (11, 12, NULL), (12, 12, NULL), (13, 12, NULL)')
---
- last_insert_id: 0
  rowcount: 3
...
cn:execute('delete from test where a = 12')
---
- last_insert_id: 0
  rowcount: 3
...
-- SQL errors.
cn:execute('insert into not_existing_table values ("kek")')
---
- error: 'Failed to execute SQL statement: no such table: NOT_EXISTING_TABLE'
...
cn:execute('insert qwerty gjsdjq  q  qwd qmq;; q;qwd;')
---
- error: 'Failed to execute SQL statement: near "qwerty": syntax error'
...
-- Empty result.
cn:execute('select id as identifier from test where a = 5;')
---
- metadata:
  - name: IDENTIFIER
  rows: []
...
-- netbox API errors.
cn:execute(100)
---
- error: 'Failed to execute SQL statement: near "100": syntax error'
...
cn:execute('select 1', nil, {dry_run = true})
---
- error: execute does not support options
...
-- Empty request.
cn:execute('')
---
- error: 'Failed to execute SQL statement: syntax error: empty request'
...
cn:execute('   ;')
---
- error: 'Failed to execute SQL statement: syntax error: empty request'
...
--
-- Parmaeters bindig.
--
cn:execute('select * from test where id = ?', {1})
---
- metadata:
  - name: ID
  - name: A
  - name: B
  rows:
  - [1, 2, '3']
...
parameters = {}
---
...
parameters[1] = {}
---
...
parameters[1][':value'] = 1
---
...
cn:execute('select * from test where id = :value', parameters)
---
- metadata:
  - name: ID
  - name: A
  - name: B
  rows:
  - [1, 2, '3']
...
cn:execute('select ?, ?, ?', {1, 2, 3})
---
- metadata:
  - name: '?'
  - name: '?'
  - name: '?'
  rows:
  - [1, 2, 3]
...
parameters = {}
---
...
parameters[1] = 10
---
...
parameters[2] = {}
---
...
parameters[2]['@value2'] = 12
---
...
parameters[3] = {}
---
...
parameters[3][':value1'] = 11
---
...
cn:execute('select ?, :value1, @value2', parameters)
---
- metadata:
  - name: '?'
  - name: :value1
  - name: '@value2'
  rows:
  - [10, 11, 12]
...
parameters = {}
---
...
parameters[1] = {}
---
...
parameters[1][':value3'] = 1
---
...
parameters[2] = 2
---
...
parameters[3] = {}
---
...
parameters[3][':value1'] = 3
---
...
parameters[4] = 4
---
...
parameters[5] = 5
---
...
parameters[6] = {}
---
...
parameters[6]['@value2'] = 6
---
...
cn:execute('select :value3, ?, :value1, ?, ?, @value2, ?, :value3', parameters)
---
- metadata:
  - name: :value3
  - name: '?'
  - name: :value1
  - name: '?'
  - name: '?'
  - name: '@value2'
  - name: '?'
  - name: :value3
  rows:
  - [1, 2, 3, 4, 5, 6, null, 1]
...
-- Try not-integer types.
msgpack = require('msgpack')
---
...
cn:execute('select ?, ?, ?, ?, ?', {'abc', -123.456, msgpack.NULL, true, false})
---
- metadata:
  - name: '?'
  - name: '?'
  - name: '?'
  - name: '?'
  - name: '?'
  rows:
  - ['abc', -123.456, null, 1, 0]
...
-- Try to replace '?' in meta with something meaningful.
cn:execute('select ? as kek, ? as kek2', {1, 2})
---
- metadata:
  - name: KEK
  - name: KEK2
  rows:
  - [1, 2]
...
-- Try to bind not existing name.
parameters = {}
---
...
parameters[1] = {}
---
...
parameters[1]['name'] = 300
---
...
cn:execute('select ? as kek', parameters)
---
- error: Parameter 'name' was not found in the statement
...
-- Try too many parameters in a statement.
sql = 'select '..string.rep('?, ', box.schema.SQL_BIND_PARAMETER_MAX)..'?'
---
...
cn:execute(sql)
---
- error: 'Failed to execute SQL statement: too many SQL variables'
...
-- Try too many parameter values.
sql = 'select ?'
---
...
parameters = {}
---
...
for i = 1, box.schema.SQL_BIND_PARAMETER_MAX + 1 do parameters[i] = i end
---
...
cn:execute(sql, parameters)
---
- error: 'SQL bind parameter limit reached: 65001'
...
--
-- Errors during parameters binding.
--
-- Try value > INT64_MAX. SQLite can't bind it, since it has no
-- suitable method in its bind API.
cn:execute('select ? as big_uint', {0xefffffffffffffff})
---
- error: Bind value for parameter 1 is out of range for type INTEGER
...
-- Bind incorrect parameters.
cn:execute('select ?', { {1, 2, 3} })
---
- error: Bind value type ARRAY for parameter 1 is not supported
...
parameters = {}
---
...
parameters[1] = {}
---
...
parameters[1][100] = 200
---
...
cn:execute('select ?', parameters)
---
- error: Invalid MsgPack - SQL bind parameter
...
parameters = {}
---
...
parameters[1] = {}
---
...
parameters[1][':value'] = {kek = 300}
---
...
cn:execute('select :value', parameters)
---
- error: Bind value type MAP for parameter ':value' is not supported
...
-- gh-2608 SQL iproto DDL
cn:execute('create table test2(id primary key, a, b, c)')
---
- last_insert_id: 0
  rowcount: 1
...
box.space.TEST2.name
---
- TEST2
...
cn:execute('insert into test2 values (1, 1, 1, 1)')
---
- last_insert_id: 0
  rowcount: 1
...
cn:execute('select * from test2')
---
- metadata:
  - name: ID
  - name: A
  - name: B
  - name: C
  rows:
  - [1, 1, 1, 1]
...
cn:execute('create index test2_a_b_index on test2(a, b)')
---
- last_insert_id: 0
  rowcount: 1
...
#box.space.TEST2.index
---
- 1
...
cn:execute('drop table test2')
---
- last_insert_id: 0
  rowcount: 1
...
box.space.TEST2
---
- null
...
-- gh-2617 DDL row_count either 0 or 1.
-- Test CREATE [IF NOT EXISTS] TABLE.
cn:execute('create table test3(id primary key, a, b)')
---
- last_insert_id: 0
  rowcount: 1
...
-- Rowcount = 1, although two tuples were created:
-- for _space and for _index.
cn:execute('insert into test3 values (1, 1, 1), (2, 2, 2), (3, 3, 3)')
---
- last_insert_id: 0
  rowcount: 3
...
cn:execute('create table if not exists test3(id primary key)')
---
- last_insert_id: 0
  rowcount: 0
...
-- Test CREATE VIEW [IF NOT EXISTS] and
--      DROP   VIEW [IF EXISTS].
cn:execute('create view test3_view(id) as select id from test3')
---
- last_insert_id: 0
  rowcount: 1
...
cn:execute('create view if not exists test3_view(id) as select id from test3')
---
- last_insert_id: 0
  rowcount: 0
...
cn:execute('drop view test3_view')
---
- last_insert_id: 0
  rowcount: 1
...
cn:execute('drop view if exists test3_view')
---
- last_insert_id: 0
  rowcount: 0
...
-- Test CREATE INDEX [IF NOT EXISTS] and
--      DROP   INDEX [IF EXISTS].
cn:execute('create index test3_sec on test3(a, b)')
---
- last_insert_id: 0
  rowcount: 1
...
cn:execute('create index if not exists test3_sec on test3(a, b)')
---
- last_insert_id: 0
  rowcount: 0
...
cn:execute('drop index test3_sec on test3')
---
- last_insert_id: 0
  rowcount: 1
...
cn:execute('drop index if exists test3_sec on test3')
---
- last_insert_id: 0
  rowcount: 0
...
-- Test CREATE TRIGGER [IF NOT EXISTS] and
--      DROP   TRIGGER [IF EXISTS].
cn:execute('create trigger trig INSERT ON test3 BEGIN SELECT * FROM test3; END;')
---
- last_insert_id: 0
  rowcount: 1
...
cn:execute('create trigger if not exists trig INSERT ON test3 BEGIN SELECT * FROM test3; END;')
---
- last_insert_id: 0
  rowcount: 0
...
cn:execute('drop trigger trig')
---
- last_insert_id: 0
  rowcount: 1
...
cn:execute('drop trigger if exists trig')
---
- last_insert_id: 0
  rowcount: 0
...
-- Test DROP TABLE [IF EXISTS].
-- Create more indexes, triggers and _truncate tuple.
cn:execute('create index idx1 on test3(a)')
---
- last_insert_id: 0
  rowcount: 1
...
cn:execute('create index idx2 on test3(b)')
---
- last_insert_id: 0
  rowcount: 1
...
box.space.TEST3:truncate()
---
...
cn:execute('create trigger trig INSERT ON test3 BEGIN SELECT * FROM test3; END;')
---
- last_insert_id: 0
  rowcount: 1
...
cn:execute('insert into test3 values (1, 1, 1), (2, 2, 2), (3, 3, 3)')
---
- last_insert_id: 0
  rowcount: 3
...
cn:execute('drop table test3')
---
- last_insert_id: 0
  rowcount: 1
...
cn:execute('drop table if exists test3')
---
- last_insert_id: 0
  rowcount: 0
...
--
-- gh-2948: sql: remove unnecessary templates for binding
-- parameters.
--
cn:execute('select ?1, ?2, ?3', {1, 2, 3})
---
- error: 'Failed to execute SQL statement: near "?1": syntax error'
...
cn:execute('select $name, $name2', {1, 2})
---
- error: 'Failed to execute SQL statement: variable number must be between $1 and
    $65000'
...
parameters = {}
---
...
parameters[1] = 11
---
...
parameters[2] = 22
---
...
parameters[3] = 33
---
...
cn:execute('select $2, $1, $3', parameters)
---
- metadata:
  - name: $2
  - name: $1
  - name: $3
  rows:
  - [22, 11, 33]
...
cn:execute('select * from test where id = :1', {1})
---
- metadata:
  - name: ID
  - name: A
  - name: B
  rows:
  - [1, 2, '3']
...
-- gh-2602 obuf_alloc breaks the tuple in different slabs
_ = space:replace{1, 1, string.rep('a', 4 * 1024 * 1024)}
---
...
res = cn:execute('select * from test')
---
...
res.metadata
---
- - name: ID
  - name: A
  - name: B
...
box.sql.execute('drop table test')
---
...
cn:close()
---
...
--
-- gh-3107: async netbox.
--
cn = remote.connect(box.cfg.listen)
---
...
cn:execute('create table test (id integer primary key, a integer, b integer)')
---
- last_insert_id: 0
  rowcount: 1
...
future1 = cn:execute('insert into test values (1, 1, 1)', nil, nil, {is_async = true})
---
...
future2 = cn:execute('insert into test values (1, 2, 2)', nil, nil, {is_async = true})
---
...
future3 = cn:execute('insert into test values (2, 2, 2), (3, 3, 3)', nil, nil, {is_async = true})
---
...
future1:wait_result()
---
- last_insert_id: 0
  rowcount: 1
...
future2:wait_result()
---
- null
- 'Failed to execute SQL statement: Duplicate key exists in unique index ''pk_unnamed_TEST_1''
  in space ''TEST'''
...
future3:wait_result()
---
- last_insert_id: 0
  rowcount: 2
...
future4 = cn:execute('select * from test', nil, nil, {is_async = true})
---
...
future4:wait_result()
---
- metadata:
  - name: ID
  - name: A
  - name: B
  rows:
  - [1, 1, 1]
  - [2, 2, 2]
  - [3, 3, 3]
...
cn:close()
---
...
box.sql.execute('drop table test')
---
...
-- gh-2618 Return generated columns after INSERT in IPROTO
-- return autogenerated id of first inserted tuple in last insert.
box.sql.execute('create table test (id integer primary key autoincrement, a integer)')
---
...
cn = remote.connect(box.cfg.listen)
---
...
future1 = cn:execute('insert into test values (1, 1)', nil, nil, {is_async = true})
---
...
future2 = cn:execute('insert into test values (null, 2)', nil, nil, {is_async = true})
---
...
future3 = cn:execute('insert into test values (null, 2), (null, 3)', nil, nil, {is_async = true})
---
...
future4 = cn:execute('insert into test values (17, 2)', nil, nil, {is_async = true})
---
...
future5 = cn:execute('insert into test values (null, 2), (null, 3)', nil, nil, {is_async = true})
---
...
future1:wait_result()
---
- last_insert_id: 1
  rowcount: 1
...
future2:wait_result()
---
- last_insert_id: 2
  rowcount: 1
...
future3:wait_result()
---
- last_insert_id: 3
  rowcount: 2
...
future4:wait_result()
---
- last_insert_id: 17
  rowcount: 1
...
future5:wait_result()
---
- last_insert_id: 18
  rowcount: 2
...
future6 = cn:execute('select * from test', nil, nil, {is_async = true})
---
...
future6:wait_result()
---
- metadata:
  - name: ID
  - name: A
  rows:
  - [1, 1]
  - [2, 2]
  - [3, 2]
  - [4, 3]
  - [17, 2]
  - [18, 2]
  - [19, 3]
...
cn:execute('create table test2 (id integer primary key, a integer)')
---
- last_insert_id: 18
  rowcount: 1
...
cn:execute('drop table test2')
---
- last_insert_id: 18
  rowcount: 1
...
cn:close()
---
...
box.sql.execute('drop table test')
---
...
box.schema.user.revoke('guest', 'read,write,execute', 'universe')
---
...
space = nil
---
...
-- Cleanup xlog
box.snapshot()
---
- ok
...
